,ClosestDistance,ClosestDistance
,mean,std
ClosestPOI,,
POI1,294.4772615148827,284.4961267050019
POI3,451.7787542978188,223.6949245551373
POI4,242.98223178643784,229.23386210099218
